{
  "meta": {
    "title": "University Startup Challenge",
    "description": "The USC is the most important event realized by students for students in Milan.",
    "keywords": "startup, challenge, milan, students, university, polimi, bocconi, statale, bicocca, cattolica, liuc, padova, eclub, 2025"
  },
  "hero": {
    "subtitle": "17-18 April, 9 May @ Milan, Italy",
    "title": "University Startup Challenge 2026",
    "description": "The E-Club signature Milan startup challenge organized by students for students"
  },
  "event_description": {
    "title": "A challenge by students for students to test themselves as entrepreneurs, all alongside a team of students from Milan's (and not only) top universities and diverse backgrounds."
  },
  "partners": [
    {
      "partnersGroup": "Supported By",
      "partners": [
        {
          "name": "MUSA Scarl",
          "logo": "partners/musa.png",
          "url": "https://musascarl.it/",
          "status": "not yet confirmed"
        },
        {
          "name": "B4I",
          "logo": "partners/B4i.png",
          "url": "https://www.b4i.unibocconi.it",
          "status": "not yet confirmed"
        },
        {
          "name": "Assolombarda",
          "logo": "N.A.",
          "url": "https://www.assolombarda.it/",
          "status": "not yet confirmed"
        }
      ]
    },
    {
      "partnersGroup": "Partners",
      "partners": [
        {
          "name": "TEF Tech Europe Foundation",
          "logo": "partners/tef.png",
          "url": "https://tef.tech/",
          "status": "confirmed"
        },
        {
          "name": "Osservatori Digital Innovation del Politecnico di Milano",
          "logo": "partners/osservatori.png",
          "url": "https://www.osservatori.net/",
          "status": "not yet confirmed"
        },
        {
          "name": "E-Club Ventures",
          "logo": "eclubs/ventures.png",
          "url": "https://www.eclubventures.com",
          "status": "confirmed"
        },
        {
          "name": "Fondazione UNIMI",
          "logo": "partners/fondazioneunimi.png",
          "url": "https://www.fondazioneunimi.com",
          "status": "confirmed"
        },
        {
          "name": "iBicocca",
          "logo": "partners/ibicocca.png",
          "url": "https://ibicocca.unimib.it/",
          "status": "not yet confirmed"
        },
        {
          "name": "UniSmart – Fondazione Università di Padova",
          "logo": "partners/unismart.png",
          "url": "https://www.unismart.it/",
          "status": "confirmed"
        },
        {
          "name": "ComoNExT",
          "logo": "partners/comonext.png",
          "url": "https://www.comonext.it/",
          "status": "confirmed"
        }
      ]
    },
    {
      "partnersGroup": "Generic",
      "partners": [
        {
          "name": "University Network",
          "logo": "partners/un.png",
          "url": "https://www.universitynetwork.it",
          "status": "not yet confirmed"
        },
        {
          "name": "Giannasi 1967",
          "logo": "N.A.",
          "url": "https://www.giannasi1967.com/",
          "status": "not yet confirmed"
        },
        {
          "name": "MilanoSays",
          "logo": "N.A.",
          "url": "https://www.instagram.com/milanosays/",
          "status": "not yet confirmed"
        },
        {
          "name": "Startupper for a day",
          "logo": "partners/startupper_for_a_day.png",
          "url": "https://startupperforaday.it",
          "status": "not yet confirmed"
        },
        {
          "name": "Money.it",
          "logo": "partners/money_it.svg",
          "url": "https://www.money.it/",
          "status": "not yet confirmed"
        },
        {
          "name": "Radio STATALE",
          "logo": "N.A.",
          "url": "https://www.radiostatale.it/",
          "status": "not yet confirmed"
        },
        {
          "name": "Radio Bocconi",
          "logo": "N.A.",
          "url": "https://radiobocconi.it/",
          "status": "not yet confirmed"
        },
        {
          "name": "PoliRadio",
          "logo": "N.A.",
          "url": "https://www.poliradio.it/",
          "status": "not yet confirmed"
        },
        {
          "name": "RedBull",
          "logo": "N.A.",
          "url": "https://www.redbull.com/it-it",
          "status": "not yet confirmed"
        },
        {
          "name": "OstelloBello",
          "logo": "N.A.",
          "url": "urly.it/314rym",
          "status": "not yet confirmed"
        },
        {
          "name": "ESN - Erasmus Student Network",
          "logo": "partners/esn.png",
          "url": "https://esn.it/",
          "status": "not yet confirmed"
        }
      ]
    },
    {
      "partnersGroup": "Visiting Companies",
        "partners": [
            {
            "name": "Cariplo Factory",
            "logo": "TODO",
            "url": "TODO",
            "status": "not yet confirmed"
            },
            {
            "name": "Entrepreneur First",
            "logo": "TODO",
            "url": "TODO",
            "status": "not yet confirmed"
            }
        ]
    },
    {
      "partnersGroup": "Organizers",
      "partners": [
        {
          "name": "E-Club Polimi",
          "logo": "eclubs/eclub_polimi.png",
          "url": "https://www.eclubpolimi.it",
          "status": "confirmed"
        },
        {
          "name": "E-Club Bocconi",
          "logo": "eclubs/eclub_bocconi.png",
          "url": "https://www.eclubbocconi.com",
          "status": "confirmed"
        },
        {
          "name": "E-Club Cattolica",
          "logo": "eclubs/eclub_cattolica.png",
          "url": "https://www.instagram.com/eclubcattolica",
          "status": "confirmed"
        },
        {
          "name": "E-Club Statale",
          "logo": "eclubs/eclub_statale.png",
          "url": "https://www.eclubunimi.it/",
          "status": "confirmed"
        },
        {
          "name": "E-Club Bicocca",
          "logo": "eclubs/eclub_bicocca.png",
          "url": "https://www.instagram.com/eclub_bicocca/",
          "status": "confirmed"
        },
        {
          "name": "E-Club LIUC",
          "logo": "eclubs/eclub_liuc.png",
          "url": "https://www.instagram.com/eclubliuc/",
          "status": "confirmed"
        },
        {
          "name": "E-Club Unipd",
          "logo": "eclubs/eclub_padova.png",
          "url": "https://www.linkedin.com/company/entrepreneurship-club-unipd/",
          "status": "confirmed"
        },
        {
          "name": "E-Club UniTN",
          "logo": "eclubs/eclub_unitn.svg",
          "url": "https://www.linkedin.com/company/eclubunitn/",
          "status": "confirmed"
        }
      ]
    }
  ],
  "about_event": {
    "subtitle": "About the event",
    "title": "Why Attend?",
    "description": "The reason is simple: try to build something new with other people. Learn from experts, meet new people with heterogeneous backgrounds and put your hands on building an idea to solve a pressing problem.",
    "cards": [
      {
        "subTitle": "Learn from reality",
        "title": "Learn",
        "description": "Apply theoretical knowledge to real-world problem-solving, receiving feedback from peers, judges, and experts. Enhance entrepreneurship understanding and refine approaches. Hone critical thinking, problem-solving, teamwork, and communication skills through practical application. Cultivate an entrepreneurial mindset by embracing challenges, risks, and learning from failures, vital for success."
      },
      {
        "subTitle": "Give it a try",
        "title": "Build",
        "description": "Turn your ideas into tangible prototypes or MVPs, demonstrating innovation and market potential. Test your business concept's viability in a supportive environment, validating assumptions and refining your model. Establish a foundation for future entrepreneurial pursuits, ensuring long-term success and impact in the startup scene."
      },
      {
        "subTitle": "Connect with people",
        "title": "Network",
        "description": "Collaborate with peers, nurturing friendships and potential partnerships. Engage with seasoned entrepreneurs, industry experts, and investors, broadening your network and gleaning from their insights. Gain mentorship from experienced professionals, hastening your learning and personal development. Join a dynamic entrepreneurial community, abundant in knowledge sharing and support, fostering ongoing growth and innovation."
      }
    ]
  },
  "challenge_definition": {
    "subtitle": "Challenge Definition",
    "title": "What’s the challenge in 2026?",
    "description": "See the full guide to the event. Be aware, something can still change, stay updated on our Social pages"
  },
  "quotes": [
    {
      "quote": "[...] grazie al mentoring ricevuto come premio, e all'affiancamento agli incubatori, potrà diventare una futura startup.",
      "author": "ilsole24ore",
      "link": "https://www.ilsole24ore.com/art/linkr-progetto-vincitore-university-startup-challenge-2024-AFWz8J1D"
    },
    {
      "quote": "Coinvolge centinaia di studenti nel pensare, costruire, proporre ed esporre idee per l’innovazione di domani.",
      "author": "Money.it",
      "link": "https://www.money.it/usc-2023-team-btenergy-vince-premio-money-progetto-recreate"
    },
    {
      "quote": "Sono state premiate la portata innovativa, l’originalità e l’eterogeneità dei team.",
      "author": "StartupItalia",
      "link": "https://startupitalia.eu/startup/university-startup-challenge-premiate-sei-startup-per-linnovazione-nella-sostenibilita/"
    }
  ],
  "stats": {
    "subtitle": "Our Stats",
    "title": "Previous Editions",
    "description": "Check out the achievements of our previous three editions (2022, 2023, 2024), supported by parters such as A2A, ATM and Lombardini22.",
    "stats": [
      {
        "count": "900+",
        "title": "Participants"
      },
      {
        "count": "150+",
        "title": "Teams formed"
      },
      {
        "count": "30+",
        "title": "Partners"
      },
      {
        "count": "60+",
        "title": "Guests"
      }
    ]
  },
  "agenda": {
    "title": "Our Agenda",
    "subtitle": "What's on the schedule?",
    "schedule": [
      {
        "date": "13th April",
        "location": "Bicocca",
        "events": [
          {
            "time": "18:00 - 20:00",
            "title": "Team Building Event",
            "place": "Bicocca Pavillon",
            "sub_events": [
              "Activities to meet-up and create teams for those without a team or incomplete."
            ]
          }
        ]
      },
      {
        "date": "17th April",
        "location": "Politecnico di Milano",
        "events": [
              {
                "time": "17:00 - 17:30",
                "title": "Welcoming and badge distribution",
                "place": "Aula Pesenti, Via Bonardi 9, Edificio 13, Piano 2"
              },
              {
                "time": "18:30 - 20:00",
                "title": "Opening Ceremony",
                "place": "Aula Pesenti, Via Bonardi 9, Edificio 13, Piano 2",
                "sub_events": [
                  "Speeches by E-Club organizers, partners, sponsors and rectors"
                ]
              },
              {
                "time": "From 20:00",
                "title": "Networking aperitivo",
                "place": "TBD",
                "sub_events": [
                  "You don’t have to pay! Say thanks to sponsors"
                ]
              }
            ]
          },
          {
            "date": "18th April",
            "location": "TBD",
            "events": [
              {
                "time": "9:30 - 12:30",
                "title": "Challenge Presentation & Seminars",
                "place": "TBD",
                "sub_events": [
                  " 9:30-10.00 - Arrival and Check-in",
                  "10.00-11:00 - Challenge Presentation + Q&A",
                  "11:00-12:30 - Seminars on challenge topic"
                ]
              },
              {
                "time": "12:30 - 14:00",
                "title": "Lunch Break",
                "place": "Up to you"
              },
              {
                "time": "14:00 - 18:30",
                "title": "Startup Basics & Team Work",
                "place": "TBD",
                "sub_events": [
                  "14:00-15:30 – Panel & Workshop",
                  "15:30-18.30 – Team Work & Mentorship"
                ]
              }
            ]
          },
          {
            "date": "9th May",
            "location": "Bocconi University",
            "events": [
            
              {
                "time": "16:30 – 19:30",
                "title": "Closing Ceremony & Open Event with Companies",
                "place": "Bocconi (Via Sarfatti 25, Aula Franceschi)",
                "sub_events": [
                  "16:30-17:00 - USC Recap & 10 Finalists Announcement",
                  "17:00-18:00 - Finalists Pitches: 5 minutes each",
                  "18:00-18:30 – Last year’s winners presentation",
                  "18:30-19:30 - Winners Announcement & Awards Ceremony"
                ]
              },
              {
                "time": "From 20:00",
                "title": "Closing Aperitivo & Party",
                "place": "TBD",
                "sub_events": [
                  "You don’t have to pay! Say thanks to sponsors"
                ]
              }
            ]
          }
        ]
  },
    "faq": {
      "subtitle": "FAQ",
      "title": "Have Questions?",
      "description": "Do you have any doubts or worries? Here you find some of the most frequently asked questions",
      "questions": [
        {
          "question": "Who can sign up for the challenge?",
          "answer": "All students currently enrolled at Bocconi, Politecnico, Statale, Bicocca, Cattolica, Liuc, Padova,Trento but also external students can participate."
        },
        {
          "question": "How should teams be composed?",
          "answer": "Teams could be composed before application, from 4 to a maximum of 6 students. Teams can be composed entirely by Politecnico, Bocconi, Statale, Bicocca, Cattolica, Liuc or Padova students, or they can be mixed (we strongly encourage application with mixed teams). When filling the application form, you should write the team’s name you previously chose with your teammates and every member should write the exact same name.\nThe team can include external students but at least one of the members must be enrolled at Bocconi, Politecnico, Statale, Cattolica, Bicocca, LIUC, Padova or Trento."
        },
        {
          "question": "What happens if I don’t have a team?",
          "answer": "In case you subscribe individually, there will be a Team Building event in Politecnico from 18:00/18:30 to 20:00 with activities to create the teams.\nIf you couldn’t participate, we will create mixed teams for you. You will receive an email on Wednesday 9th April telling you which team you have been assigned to."
        },
        {
          "question": "When is the deadline?",
          "answer": "The deadline for the application to the challenge will be on the 5th of April at 24:00 p.m. The deadline to submit the pitch deck and prototype is on Wednesday April 30th at 24:00 p.m."
        },
        {
          "question": "Will the event be online?",
          "answer": "No, it will only be possible to attend in person. If participants are unable to attend on one or more dates they must communicate it to the organizers in advance to be recognized as “participating” and be able to receive prizes with their team members."
        },
        {
          "question": "Is the challenge free?",
          "answer": "Yes, the challenge is completely free for all students, no fee or selection process is required."
        },
        {
          "question": "What will participants receive?",
          "answer": "Participants will receive some gadgets from our sponsor companies as discount coupons and a welcome package, as well as a certificate of attendance."
        },
        {
          "question": "Can I participate with my own startup?",
          "answer": "No, teams cannot present an existing startup, ideas must follow the guidelines provided."
        },
        {
          "question": "When will I know about the result of my application?",
          "answer": "Participants will receive the result of their application to University Startup Challenge 2025, no longer than Friday, April 4rd."
        }
      ]
    },
    "call_to_action": {
      "title": "Ready to participate?",
      "subtitle": "Applications OPEN SOON"
    }
  }
